{ "metadata" : null, "filename" : "144018198443151a46lxr.jpg", "aliases" : null, "chunkSize" : { "$numberLong" : "261120" }, "uploadDate" : { "$date" : "2015-12-21T12:23:48.251+0000" }, "length" : { "$numberLong" : "41226" }, "_id" : { "$oid" : "5677ef522e3758823010d1d2" }, "contentType" : "binary/octet-stream", "md5" : "5bfbb11f00122676ef723e46971fce7e" }
{ "metadata" : null, "filename" : "14401820333047tejc3di.jpg", "aliases" : null, "chunkSize" : { "$numberLong" : "261120" }, "uploadDate" : { "$date" : "2015-12-21T12:23:49.586+0000" }, "length" : { "$numberLong" : "50602" }, "_id" : { "$oid" : "5677ef542e3758823010d1d7" }, "contentType" : "binary/octet-stream", "md5" : "badc6b4c08c541fe041652aed151b464" }
{ "metadata" : null, "filename" : "1440182099685uth85mi.jpg", "aliases" : null, "chunkSize" : { "$numberLong" : "261120" }, "uploadDate" : { "$date" : "2015-12-21T12:23:53.474+0000" }, "length" : { "$numberLong" : "60474" }, "_id" : { "$oid" : "5677ef552e3758823010d1dc" }, "contentType" : "binary/octet-stream", "md5" : "c4a3a335cf88a569064a3e4be38d26f3" }
{ "metadata" : null, "filename" : "1440182153758zjfez5mi.jpg", "aliases" : null, "chunkSize" : { "$numberLong" : "261120" }, "uploadDate" : { "$date" : "2015-12-21T12:23:54.525+0000" }, "length" : { "$numberLong" : "61622" }, "_id" : { "$oid" : "5677ef592e3758823010d1e1" }, "contentType" : "binary/octet-stream", "md5" : "e475e32d41a57a11537bc5585a02513c" }
{ "metadata" : null, "filename" : "1440182210756zllq5mi.jpg", "aliases" : null, "chunkSize" : { "$numberLong" : "261120" }, "uploadDate" : { "$date" : "2015-12-21T12:23:57.284+0000" }, "length" : { "$numberLong" : "61608" }, "_id" : { "$oid" : "5677ef5c2e3758823010d1e6" }, "contentType" : "binary/octet-stream", "md5" : "d7577734c79afb14f3c92283bdfaf885" }
{ "metadata" : null, "filename" : "1440182249018k4t2o6r.jpg", "aliases" : null, "chunkSize" : { "$numberLong" : "261120" }, "uploadDate" : { "$date" : "2015-12-21T12:23:58.286+0000" }, "length" : { "$numberLong" : "43439" }, "_id" : { "$oid" : "5677ef5d2e3758823010d1eb" }, "contentType" : "binary/octet-stream", "md5" : "b0e9bae1933b31a96125d5a93c6dd91d" }
{ "metadata" : null, "filename" : "1440182777688ffwm6lxr.jpg", "aliases" : null, "chunkSize" : { "$numberLong" : "261120" }, "uploadDate" : { "$date" : "2015-12-21T12:24:00.963+0000" }, "length" : { "$numberLong" : "67281" }, "_id" : { "$oid" : "5677ef5f2e3758823010d1f0" }, "contentType" : "binary/octet-stream", "md5" : "f242102f3e8a876e723c439021e7f7b4" }
{ "metadata" : null, "filename" : "144018304954227kqpvi.jpg", "aliases" : null, "chunkSize" : { "$numberLong" : "261120" }, "uploadDate" : { "$date" : "2015-12-21T12:24:03.971+0000" }, "length" : { "$numberLong" : "108650" }, "_id" : { "$oid" : "5677ef612e3758823010d1f5" }, "contentType" : "binary/octet-stream", "md5" : "05c4a30c26e5aef3cd2b043483ad4c03" }
{ "metadata" : null, "filename" : "1440183137667jnok1emi.jpg", "aliases" : null, "chunkSize" : { "$numberLong" : "261120" }, "uploadDate" : { "$date" : "2015-12-21T12:24:05.309+0000" }, "length" : { "$numberLong" : "15596" }, "_id" : { "$oid" : "5677ef642e3758823010d1fa" }, "contentType" : "binary/octet-stream", "md5" : "82a83968b8383655d96969f97730905f" }
{ "metadata" : null, "filename" : "1440183223618f9gj5rk9.jpg", "aliases" : null, "chunkSize" : { "$numberLong" : "261120" }, "uploadDate" : { "$date" : "2015-12-21T12:24:08.833+0000" }, "length" : { "$numberLong" : "36972" }, "_id" : { "$oid" : "5677ef652e3758823010d1ff" }, "contentType" : "binary/octet-stream", "md5" : "6a599cbcdb6436ca910daac1749d03c0" }
{ "metadata" : null, "filename" : "14401833287402em6lxr.jpg", "aliases" : null, "chunkSize" : { "$numberLong" : "261120" }, "uploadDate" : { "$date" : "2015-12-21T12:24:09.702+0000" }, "length" : { "$numberLong" : "79341" }, "_id" : { "$oid" : "5677ef692e3758823010d204" }, "contentType" : "binary/octet-stream", "md5" : "08ececfaa29308eaeb8c14e1622392c8" }
{ "metadata" : null, "filename" : "1440183565934xby8ehfr.jpg", "aliases" : null, "chunkSize" : { "$numberLong" : "261120" }, "uploadDate" : { "$date" : "2015-12-21T12:24:11.054+0000" }, "length" : { "$numberLong" : "51901" }, "_id" : { "$oid" : "5677ef6a2e3758823010d209" }, "contentType" : "binary/octet-stream", "md5" : "9d9350190bc6f72fa1176f57f430793c" }
{ "metadata" : null, "filename" : "14401836177388kkpgb9.jpg", "aliases" : null, "chunkSize" : { "$numberLong" : "261120" }, "uploadDate" : { "$date" : "2015-12-21T12:24:12.320+0000" }, "length" : { "$numberLong" : "16713" }, "_id" : { "$oid" : "5677ef6b2e3758823010d20e" }, "contentType" : "binary/octet-stream", "md5" : "a45db70057ae67175bc058b9ad192e0e" }
{ "metadata" : null, "filename" : "1440183686876hiqhyqfr.jpg", "aliases" : null, "chunkSize" : { "$numberLong" : "261120" }, "uploadDate" : { "$date" : "2015-12-21T12:24:16.621+0000" }, "length" : { "$numberLong" : "9326" }, "_id" : { "$oid" : "5677ef702e3758823010d213" }, "contentType" : "binary/octet-stream", "md5" : "962020b9f701e30f1d1fe0afa7cfabe5" }
{ "metadata" : null, "filename" : "1440184053617ar1kyb9.jpg", "aliases" : null, "chunkSize" : { "$numberLong" : "261120" }, "uploadDate" : { "$date" : "2015-12-21T12:24:21.905+0000" }, "length" : { "$numberLong" : "43624" }, "_id" : { "$oid" : "5677ef702e3758823010d218" }, "contentType" : "binary/octet-stream", "md5" : "8729c20c8be3956f253fb6c8fc66b62f" }
{ "metadata" : null, "filename" : "1440184104647kkrl766r.jpg", "aliases" : null, "chunkSize" : { "$numberLong" : "261120" }, "uploadDate" : { "$date" : "2015-12-21T12:24:22.815+0000" }, "length" : { "$numberLong" : "25669" }, "_id" : { "$oid" : "5677ef762e3758823010d21d" }, "contentType" : "binary/octet-stream", "md5" : "b12b7b940ae98af7fda5e7c026e422a3" }
{ "metadata" : null, "filename" : "1440184172035f7s0pb9.jpg", "aliases" : null, "chunkSize" : { "$numberLong" : "261120" }, "uploadDate" : { "$date" : "2015-12-21T12:24:24.388+0000" }, "length" : { "$numberLong" : "39880" }, "_id" : { "$oid" : "5677ef772e3758823010d222" }, "contentType" : "binary/octet-stream", "md5" : "497f729ac53a693e07ec0864def100c6" }
{ "metadata" : null, "filename" : "14401842747322vzyf1or.jpg", "aliases" : null, "chunkSize" : { "$numberLong" : "261120" }, "uploadDate" : { "$date" : "2015-12-21T12:24:25.788+0000" }, "length" : { "$numberLong" : "30248" }, "_id" : { "$oid" : "5677ef782e3758823010d227" }, "contentType" : "binary/octet-stream", "md5" : "2ec032378a7eba82e110e791bf951208" }
{ "metadata" : null, "filename" : "1440184438166txmbzkt9.jpg", "aliases" : null, "chunkSize" : { "$numberLong" : "261120" }, "uploadDate" : { "$date" : "2015-12-21T12:24:28.284+0000" }, "length" : { "$numberLong" : "31551" }, "_id" : { "$oid" : "5677ef7a2e3758823010d22c" }, "contentType" : "binary/octet-stream", "md5" : "8c761672eb120a1800e2ea590c9d014f" }
{ "metadata" : null, "filename" : "1440184468880s4te29.jpg", "aliases" : null, "chunkSize" : { "$numberLong" : "261120" }, "uploadDate" : { "$date" : "2015-12-21T12:24:29.574+0000" }, "length" : { "$numberLong" : "111827" }, "_id" : { "$oid" : "5677ef7c2e3758823010d231" }, "contentType" : "binary/octet-stream", "md5" : "1b3871b1a70db730497d5f02b61c6571" }
{ "metadata" : null, "filename" : "1440184555257ow3o9a4i.jpg", "aliases" : null, "chunkSize" : { "$numberLong" : "261120" }, "uploadDate" : { "$date" : "2015-12-21T12:24:31.119+0000" }, "length" : { "$numberLong" : "10189" }, "_id" : { "$oid" : "5677ef7d2e3758823010d236" }, "contentType" : "binary/octet-stream", "md5" : "a1ed993b817d07a90c5c3d994785a06c" }
{ "metadata" : null, "filename" : "1440184605702oiqf47vi.jpg", "aliases" : null, "chunkSize" : { "$numberLong" : "261120" }, "uploadDate" : { "$date" : "2015-12-21T12:24:32.133+0000" }, "length" : { "$numberLong" : "38452" }, "_id" : { "$oid" : "5677ef7f2e3758823010d23b" }, "contentType" : "binary/octet-stream", "md5" : "43daa971d4a705e156b4758e5a0e9806" }
{ "metadata" : null, "filename" : "144018198443151a46lxr.jpg", "aliases" : null, "chunkSize" : { "$numberLong" : "261120" }, "uploadDate" : { "$date" : "2015-12-25T08:06:34.626+0000" }, "length" : { "$numberLong" : "41226" }, "_id" : { "$oid" : "567cf909f08e749f88058bcb" }, "contentType" : "binary/octet-stream", "md5" : "5bfbb11f00122676ef723e46971fce7e" }
{ "metadata" : null, "filename" : "14401820333047tejc3di.jpg", "aliases" : null, "chunkSize" : { "$numberLong" : "261120" }, "uploadDate" : { "$date" : "2015-12-25T08:06:36.905+0000" }, "length" : { "$numberLong" : "50602" }, "_id" : { "$oid" : "567cf90bf08e749f88058bd0" }, "contentType" : "binary/octet-stream", "md5" : "badc6b4c08c541fe041652aed151b464" }
{ "metadata" : null, "filename" : "1440182099685uth85mi.jpg", "aliases" : null, "chunkSize" : { "$numberLong" : "261120" }, "uploadDate" : { "$date" : "2015-12-25T08:06:37.848+0000" }, "length" : { "$numberLong" : "60474" }, "_id" : { "$oid" : "567cf90df08e749f88058bd5" }, "contentType" : "binary/octet-stream", "md5" : "c4a3a335cf88a569064a3e4be38d26f3" }
{ "metadata" : null, "filename" : "1440182153758zjfez5mi.jpg", "aliases" : null, "chunkSize" : { "$numberLong" : "261120" }, "uploadDate" : { "$date" : "2015-12-25T08:06:42.604+0000" }, "length" : { "$numberLong" : "61622" }, "_id" : { "$oid" : "567cf90ef08e749f88058bda" }, "contentType" : "binary/octet-stream", "md5" : "e475e32d41a57a11537bc5585a02513c" }
{ "metadata" : null, "filename" : "1440182210756zllq5mi.jpg", "aliases" : null, "chunkSize" : { "$numberLong" : "261120" }, "uploadDate" : { "$date" : "2015-12-25T08:06:43.720+0000" }, "length" : { "$numberLong" : "61608" }, "_id" : { "$oid" : "567cf912f08e749f88058bdf" }, "contentType" : "binary/octet-stream", "md5" : "d7577734c79afb14f3c92283bdfaf885" }
{ "metadata" : null, "filename" : "1440182249018k4t2o6r.jpg", "aliases" : null, "chunkSize" : { "$numberLong" : "261120" }, "uploadDate" : { "$date" : "2015-12-25T08:06:44.593+0000" }, "length" : { "$numberLong" : "43439" }, "_id" : { "$oid" : "567cf914f08e749f88058be4" }, "contentType" : "binary/octet-stream", "md5" : "b0e9bae1933b31a96125d5a93c6dd91d" }
{ "metadata" : null, "filename" : "1440182777688ffwm6lxr.jpg", "aliases" : null, "chunkSize" : { "$numberLong" : "261120" }, "uploadDate" : { "$date" : "2015-12-25T08:06:48.485+0000" }, "length" : { "$numberLong" : "67281" }, "_id" : { "$oid" : "567cf916f08e749f88058be9" }, "contentType" : "binary/octet-stream", "md5" : "f242102f3e8a876e723c439021e7f7b4" }
{ "metadata" : null, "filename" : "144018304954227kqpvi.jpg", "aliases" : null, "chunkSize" : { "$numberLong" : "261120" }, "uploadDate" : { "$date" : "2015-12-25T08:06:49.612+0000" }, "length" : { "$numberLong" : "108650" }, "_id" : { "$oid" : "567cf918f08e749f88058bee" }, "contentType" : "binary/octet-stream", "md5" : "05c4a30c26e5aef3cd2b043483ad4c03" }
{ "metadata" : null, "filename" : "1440183137667jnok1emi.jpg", "aliases" : null, "chunkSize" : { "$numberLong" : "261120" }, "uploadDate" : { "$date" : "2015-12-25T08:06:53.024+0000" }, "length" : { "$numberLong" : "15596" }, "_id" : { "$oid" : "567cf91cf08e749f88058bf3" }, "contentType" : "binary/octet-stream", "md5" : "82a83968b8383655d96969f97730905f" }
{ "metadata" : null, "filename" : "1440183223618f9gj5rk9.jpg", "aliases" : null, "chunkSize" : { "$numberLong" : "261120" }, "uploadDate" : { "$date" : "2015-12-25T08:06:54.367+0000" }, "length" : { "$numberLong" : "36972" }, "_id" : { "$oid" : "567cf91df08e749f88058bf8" }, "contentType" : "binary/octet-stream", "md5" : "6a599cbcdb6436ca910daac1749d03c0" }
{ "metadata" : null, "filename" : "14401833287402em6lxr.jpg", "aliases" : null, "chunkSize" : { "$numberLong" : "261120" }, "uploadDate" : { "$date" : "2015-12-25T08:06:59.701+0000" }, "length" : { "$numberLong" : "79341" }, "_id" : { "$oid" : "567cf91ff08e749f88058bfd" }, "contentType" : "binary/octet-stream", "md5" : "08ececfaa29308eaeb8c14e1622392c8" }
{ "metadata" : null, "filename" : "1440183565934xby8ehfr.jpg", "aliases" : null, "chunkSize" : { "$numberLong" : "261120" }, "uploadDate" : { "$date" : "2015-12-25T08:07:00.797+0000" }, "length" : { "$numberLong" : "51901" }, "_id" : { "$oid" : "567cf924f08e749f88058c02" }, "contentType" : "binary/octet-stream", "md5" : "9d9350190bc6f72fa1176f57f430793c" }
{ "metadata" : null, "filename" : "14401836177388kkpgb9.jpg", "aliases" : null, "chunkSize" : { "$numberLong" : "261120" }, "uploadDate" : { "$date" : "2015-12-25T08:07:01.814+0000" }, "length" : { "$numberLong" : "16713" }, "_id" : { "$oid" : "567cf925f08e749f88058c07" }, "contentType" : "binary/octet-stream", "md5" : "a45db70057ae67175bc058b9ad192e0e" }
{ "metadata" : null, "filename" : "1440183686876hiqhyqfr.jpg", "aliases" : null, "chunkSize" : { "$numberLong" : "261120" }, "uploadDate" : { "$date" : "2015-12-25T08:07:02.760+0000" }, "length" : { "$numberLong" : "9326" }, "_id" : { "$oid" : "567cf926f08e749f88058c0c" }, "contentType" : "binary/octet-stream", "md5" : "962020b9f701e30f1d1fe0afa7cfabe5" }
{ "metadata" : null, "filename" : "1440184053617ar1kyb9.jpg", "aliases" : null, "chunkSize" : { "$numberLong" : "261120" }, "uploadDate" : { "$date" : "2015-12-25T08:07:04.093+0000" }, "length" : { "$numberLong" : "43624" }, "_id" : { "$oid" : "567cf927f08e749f88058c11" }, "contentType" : "binary/octet-stream", "md5" : "8729c20c8be3956f253fb6c8fc66b62f" }
{ "metadata" : null, "filename" : "1440184104647kkrl766r.jpg", "aliases" : null, "chunkSize" : { "$numberLong" : "261120" }, "uploadDate" : { "$date" : "2015-12-25T08:07:07.022+0000" }, "length" : { "$numberLong" : "25669" }, "_id" : { "$oid" : "567cf929f08e749f88058c16" }, "contentType" : "binary/octet-stream", "md5" : "b12b7b940ae98af7fda5e7c026e422a3" }
{ "metadata" : null, "filename" : "1440184172035f7s0pb9.jpg", "aliases" : null, "chunkSize" : { "$numberLong" : "261120" }, "uploadDate" : { "$date" : "2015-12-25T08:07:08.556+0000" }, "length" : { "$numberLong" : "39880" }, "_id" : { "$oid" : "567cf92bf08e749f88058c1b" }, "contentType" : "binary/octet-stream", "md5" : "497f729ac53a693e07ec0864def100c6" }
{ "metadata" : null, "filename" : "14401842747322vzyf1or.jpg", "aliases" : null, "chunkSize" : { "$numberLong" : "261120" }, "uploadDate" : { "$date" : "2015-12-25T08:07:14.227+0000" }, "length" : { "$numberLong" : "30248" }, "_id" : { "$oid" : "567cf931f08e749f88058c20" }, "contentType" : "binary/octet-stream", "md5" : "2ec032378a7eba82e110e791bf951208" }
{ "metadata" : null, "filename" : "1440184438166txmbzkt9.jpg", "aliases" : null, "chunkSize" : { "$numberLong" : "261120" }, "uploadDate" : { "$date" : "2015-12-25T08:07:15.573+0000" }, "length" : { "$numberLong" : "31551" }, "_id" : { "$oid" : "567cf932f08e749f88058c25" }, "contentType" : "binary/octet-stream", "md5" : "8c761672eb120a1800e2ea590c9d014f" }
{ "metadata" : null, "filename" : "1440184468880s4te29.jpg", "aliases" : null, "chunkSize" : { "$numberLong" : "261120" }, "uploadDate" : { "$date" : "2015-12-25T08:07:17.232+0000" }, "length" : { "$numberLong" : "111827" }, "_id" : { "$oid" : "567cf934f08e749f88058c2a" }, "contentType" : "binary/octet-stream", "md5" : "1b3871b1a70db730497d5f02b61c6571" }
{ "metadata" : null, "filename" : "1440184555257ow3o9a4i.jpg", "aliases" : null, "chunkSize" : { "$numberLong" : "261120" }, "uploadDate" : { "$date" : "2015-12-25T08:07:18.329+0000" }, "length" : { "$numberLong" : "10189" }, "_id" : { "$oid" : "567cf935f08e749f88058c2f" }, "contentType" : "binary/octet-stream", "md5" : "a1ed993b817d07a90c5c3d994785a06c" }
{ "metadata" : null, "filename" : "1440184605702oiqf47vi.jpg", "aliases" : null, "chunkSize" : { "$numberLong" : "261120" }, "uploadDate" : { "$date" : "2015-12-25T08:07:19.393+0000" }, "length" : { "$numberLong" : "38452" }, "_id" : { "$oid" : "567cf936f08e749f88058c34" }, "contentType" : "binary/octet-stream", "md5" : "43daa971d4a705e156b4758e5a0e9806" }
{ "metadata" : null, "filename" : "567cfc80e998d77d89654773.jpg", "aliases" : null, "chunkSize" : { "$numberLong" : "261120" }, "uploadDate" : { "$date" : "2015-12-25T08:21:22.652+0000" }, "length" : { "$numberLong" : "20722" }, "_id" : { "$oid" : "567cfc80e998d77d89654773" }, "contentType" : "binary/octet-stream", "md5" : "6c0098a43a5caaf1c09e4661c7518ba3" }
{ "metadata" : null, "filename" : "567cfc89e998d77d89654777.jpg", "aliases" : null, "chunkSize" : { "$numberLong" : "261120" }, "uploadDate" : { "$date" : "2015-12-25T08:21:29.842+0000" }, "length" : { "$numberLong" : "17758" }, "_id" : { "$oid" : "567cfc89e998d77d89654777" }, "contentType" : "binary/octet-stream", "md5" : "2aa0bb21a2fef569962031cd876f975b" }
