{ "_id" : { "$oid" : "567d0fe315572f1e96366be6" }, "datecreated" : { "$date" : "2015-12-25T09:44:03.060+0000" }, "body" : "<div class=\"col-md-6\" style=\"padding:0\">\n\t<a href=\"/shop/shoes/\"><img src=\"/download/567cfc80e998d77d89654773.jpg\" alt=\"Shoes for adventures\" class=\"img-responsive CMS_edit\" border=\"0\" data-width=\"570\" data-height=\"200\"></a>\n</div>\n<div class=\"col-md-6\" style=\"padding:0\">\n\t<a href=\"/shop/shirts/\"><img src=\"/download/567cfc89e998d77d89654777.jpg\" alt=\"Retro style for you\" class=\"img-responsive CMS_edit\" border=\"0\" data-width=\"570\" data-height=\"200\"></a>\n</div>\n<div class=\"links\">\n\t<div class=\"col-md-4\">\n\t\t<a href=\"/shop/\">\n\t\t\t<b class=\"black CMS_edit CMS_singleline\">Next day delivery</b>\n\t\t\t<span class=\"CMS_edit CMS_singleline\">7 days a week</span>\n\t\t</a>\n\t</div>\n\t<div class=\"col-md-4\">\n\t\t<a href=\"/shop/\">\n\t\t\t<b class=\"black CMS_edit CMS_singleline\">10% start discount</b>\n\t\t\t<span class=\"CMS_edit CMS_singleline\">All products with great discount</span>\n\t\t</a>\n\t</div>\n\t<div class=\"col-md-4\">\n\t\t<a href=\"/shop/\">\n\t\t\t<b class=\"black CMS_edit CMS_singleline\">No credit card required</b>\n\t\t\t<span class=\"CMS_edit CMS_singleline\">Buy without registration and credit card</span>\n\t\t</a>\n\t</div>\n</div>\n<div class=\"cl\"></div>", "ispartial" : false, "priority" : 10, "title" : "Homepage", "perex" : "", "name" : "Homepage", "pictures" : [ "/download/567cfc80e998d77d89654773.jpg", "/download/567cfc89e998d77d89654777.jpg" ], "search" : [ "produc", "homepa", "cred", "car", "wit", "wee", "star", "nex", "al", "discou", "da", "grea", "delive", "dai", "requir", "bu", "witho", "registrat", "an" ], "tags" : [  ], "settings" : [  ], "widgets" : [  ], "navigations" : [ "searchbar" ], "icon" : "", "keywords" : "", "url" : "/", "language" : "", "template" : "default", "parent" : "", "id" : "d28b96487c", "isremoved" : false, "dateupdated" : { "$date" : "2015-12-25T09:44:38.579+0000" } }
{ "_id" : { "$oid" : "567d0ae63b6c30cc927d1e99" }, "datecreated" : { "$date" : "2015-12-25T09:22:46.325+0000" }, "body" : "<div class=\"padding\">\n\t<div class=\"row\">\n\t\t<div class=\"col-md-2\"></div>\n\t\t<div class=\"col-md-8 CMS_widgets\">\n\t\t\t<div class=\"CMS_edit CMS_repeat CMS_remove m\">Lorem ipsum dolor sit amet, consectetur adipisicing elit. Ducimus quisquam, iusto repellendus, similique iure nisi, maiores aliquid repellat velit iste repudiandae tempora atque natus cum necessitatibus at quasi quibusdam! Quisquam facilis amet excepturi deleniti pariatur fugit maiores quae odit voluptate suscipit placeat, aut accusamus. Dicta ducimus est nam totam sed?</div>\n\t\t\t<div class=\"CMS_edit CMS_repeat CMS_remove m\">Lorem ipsum dolor sit amet, consectetur adipisicing elit. Ducimus quisquam, iusto repellendus, similique iure nisi, maiores aliquid repellat velit iste repudiandae tempora atque natus cum necessitatibus at quasi quibusdam! Quisquam facilis amet excepturi deleniti pariatur fugit maiores quae odit voluptate suscipit placeat, aut accusamus. Dicta ducimus est nam totam sed?</div>\n\t\t\t<div class=\"CMS_edit CMS_repeat CMS_remove m\">Lorem ipsum dolor sit amet, consectetur adipisicing elit. Ducimus quisquam, iusto repellendus, similique iure nisi, maiores aliquid repellat velit iste repudiandae tempora atque natus cum necessitatibus at quasi quibusdam! Quisquam facilis amet excepturi deleniti pariatur fugit maiores quae odit voluptate suscipit placeat, aut accusamus. Dicta ducimus est nam totam sed?</div>\n\t\t\t<div class=\"CMS_edit CMS_repeat CMS_remove m\">Lorem ipsum dolor sit amet, consectetur adipisicing elit. Ducimus quisquam, iusto repellendus, similique iure nisi, maiores aliquid repellat velit iste repudiandae tempora atque natus cum necessitatibus at quasi quibusdam! Quisquam facilis amet excepturi deleniti pariatur fugit maiores quae odit voluptate suscipit placeat, aut accusamus. Dicta ducimus est nam totam sed?</div>\n\t\t\t<div class=\"CMS_edit CMS_repeat CMS_remove m\">Lorem ipsum dolor sit amet, consectetur adipisicing elit. Ducimus quisquam, iusto repellendus, similique iure nisi, maiores aliquid repellat velit iste repudiandae tempora atque natus cum necessitatibus at quasi quibusdam! Quisquam facilis amet excepturi deleniti pariatur fugit maiores quae odit voluptate suscipit placeat, aut accusamus. Dicta ducimus est nam totam sed?</div>\n\t\t\t<div class=\"CMS_edit CMS_repeat CMS_remove m\"><a href=\"/terms/\">Terms and Conditions</a></div>\n\t\t</div>\n\t</div>\n</div>", "ispartial" : false, "priority" : 1, "title" : "Privacy Policy", "perex" : "", "name" : "Privacy", "pictures" : [  ], "search" : [ "tempo", "priva", "ame", "ducim", "quisqu", "maior", "natu", "consecte", "adipisic", "eli", "dolo", "si", "iust", "repellen", "similiq", "iur", "nis", "lore", "aliqu", "repell", "veli", "ist", "repudian", "poli", "atqu", "ipsu", "cu", "necessitati", "quas", "quibusd", "facil", "exceptu", "deleni", "pariat", "fugi", "qua", "odi", "volupta", "suscip", "place", "au", "accusam", "dict", "es", "na", "tota", "se" ], "tags" : [  ], "settings" : [  ], "widgets" : [  ], "navigations" : [ "footer", "searchbar" ], "icon" : "", "keywords" : "", "url" : "/privacy/", "language" : "", "template" : "default", "parent" : "cd618b8f29", "id" : "a81c16564b", "isremoved" : false, "dateupdated" : { "$date" : "2015-12-25T09:44:53.933+0000" } }
{ "_id" : { "$oid" : "567d0b563b6c30cc927d1e9a" }, "datecreated" : { "$date" : "2015-12-25T09:24:38.672+0000" }, "body" : "<div class=\"padding\">\n\t<div class=\"row\">\n\t\t<div class=\"col-md-2\"></div>\n\t\t<div class=\"col-md-8 m\">\n\t\t\t<div style=\"font-size:16px\"><span class=\"fa fa-building mr5\"></span><strong class=\"CMS_edit\">My Company Name</strong></div>\n\t\t\t<div class=\"fs11 silver CMS_edit\">The powerful company</div>\n\t\t\t<br>\n\t\t\t<div class=\"bg-smoke padding\">\n\t\t\t\t<div class=\"b\" style=\"margin-bottom:10px\"><span class=\"fa fa-map-marker\"></span>Our address</div>\n\t\t\t\t<div class=\"CMS_edit\">Street 12<br>394039 Bratislava<br>Slovakia</div>\n\t\t\t</div>\n\t\t\t<br><br>\n\t\t\t<table class=\"table table-bordered\" id=\"contactform\">\n\t\t\t\t<tbody>\n\t\t\t\t\t<tr>\n\t\t\t\t\t\t<td class=\"col-xs-6 active CMS_edit\">Phone number</td>\n\t\t\t\t\t\t<td class=\"ui-center CMS_edit\">+421903163302</td>\n\t\t\t\t\t</tr>\n\t\t\t\t\t<tr>\n\t\t\t\t\t\t<td class=\"col-xs-6 active CMS_edit\">Email address</td>\n\t\t\t\t\t\t<td class=\"ui-center CMS_edit\" data-component=\"emaildecode\">info(at)totaljs(dot)com</td>\n\t\t\t\t\t</tr>\n\t\t\t\t</tbody>\n\t\t\t</table>\n\t\t</div>\n\t</div>\n</div>", "ispartial" : false, "priority" : 0, "title" : "Contact", "perex" : "", "name" : "Contact", "pictures" : [  ], "search" : [ "slovak", "conta", "phon", "nam", "th", "powerf", "stre", "bratisla", "compa", "numb", "emai", "addre", "inf", "total", "do", "co" ], "tags" : [  ], "settings" : [  ], "widgets" : [  ], "navigations" : [ "footer", "searchbar" ], "icon" : "", "keywords" : "", "url" : "/contact/", "language" : "", "template" : "default", "parent" : "cd618b8f29", "id" : "7c667f07a1", "isremoved" : false }
{ "_id" : { "$oid" : "567cfc8de998d77d8965477a" }, "datecreated" : { "$date" : "2015-12-25T09:22:46.325+0000" }, "body" : "<div class=\"padding\">\n\t<div class=\"row\">\n\t\t<div class=\"col-md-2\"></div>\n\t\t<div class=\"col-md-8 CMS_widgets\">\n\t\t\t<div class=\"CMS_edit CMS_repeat CMS_remove m\">Lorem ipsum dolor sit amet, consectetur adipisicing elit. Ducimus quisquam, iusto repellendus, similique iure nisi, maiores aliquid repellat velit iste repudiandae tempora atque natus cum necessitatibus at quasi quibusdam! Quisquam facilis amet excepturi deleniti pariatur fugit maiores quae odit voluptate suscipit placeat, aut accusamus. Dicta ducimus est nam totam sed?</div>\n\t\t\t<div class=\"CMS_edit CMS_repeat CMS_remove m\">Lorem ipsum dolor sit amet, consectetur adipisicing elit. Ducimus quisquam, iusto repellendus, similique iure nisi, maiores aliquid repellat velit iste repudiandae tempora atque natus cum necessitatibus at quasi quibusdam! Quisquam facilis amet excepturi deleniti pariatur fugit maiores quae odit voluptate suscipit placeat, aut accusamus. Dicta ducimus est nam totam sed?</div>\n\t\t\t<div class=\"CMS_edit CMS_repeat CMS_remove m\">Lorem ipsum dolor sit amet, consectetur adipisicing elit. Ducimus quisquam, iusto repellendus, similique iure nisi, maiores aliquid repellat velit iste repudiandae tempora atque natus cum necessitatibus at quasi quibusdam! Quisquam facilis amet excepturi deleniti pariatur fugit maiores quae odit voluptate suscipit placeat, aut accusamus. Dicta ducimus est nam totam sed?</div>\n\t\t\t<div class=\"CMS_edit CMS_repeat CMS_remove m\">Lorem ipsum dolor sit amet, consectetur adipisicing elit. Ducimus quisquam, iusto repellendus, similique iure nisi, maiores aliquid repellat velit iste repudiandae tempora atque natus cum necessitatibus at quasi quibusdam! Quisquam facilis amet excepturi deleniti pariatur fugit maiores quae odit voluptate suscipit placeat, aut accusamus. Dicta ducimus est nam totam sed?</div>\n\t\t\t<div class=\"CMS_edit CMS_repeat CMS_remove m\">Lorem ipsum dolor sit amet, consectetur adipisicing elit. Ducimus quisquam, iusto repellendus, similique iure nisi, maiores aliquid repellat velit iste repudiandae tempora atque natus cum necessitatibus at quasi quibusdam! Quisquam facilis amet excepturi deleniti pariatur fugit maiores quae odit voluptate suscipit placeat, aut accusamus. Dicta ducimus est nam totam sed?</div>\n\t\t\t<div class=\"CMS_edit CMS_repeat CMS_remove m\"><a href=\"/privacy/\">Privacy Policy</a></div>\n\t\t</div>\n\t</div>\n</div>", "ispartial" : false, "priority" : 1, "title" : "Terms and Conditions", "perex" : "", "name" : "Terms", "pictures" : [  ], "search" : [ "tempo", "term", "conditio", "ame", "ducim", "quisqu", "maior", "natu", "consecte", "adipisic", "eli", "dolo", "si", "iust", "repellen", "similiq", "iur", "nis", "lore", "aliqu", "repell", "veli", "ist", "repudian", "an", "atqu", "ipsu", "cu", "necessitati", "quas", "quibusd", "facil", "exceptu", "deleni", "pariat", "fugi", "qua", "odi", "volupta", "suscip", "place", "au", "accusam", "dict", "es", "na", "tota", "se" ], "tags" : [  ], "settings" : [  ], "widgets" : [  ], "navigations" : [ "footer", "searchbar" ], "icon" : "", "keywords" : "", "url" : "/terms/", "language" : "", "template" : "default", "parent" : "cd618b8f29", "id" : "784deb8cc", "isremoved" : false, "dateupdated" : { "$date" : "2015-12-25T09:45:01.178+0000" } }
