{ "_id" : "0-cache", "day" : 25, "month" : 12, "year" : 2015, "hits" : 61, "unique" : 0, "uniquemonth" : 0, "count" : 1, "search" : 0, "direct" : 1, "social" : 0, "unknown" : 0, "advert" : 0, "mobile" : 0, "desktop" : 0, "visitors" : 4, "pages" : 61 }
{ "_id" : 20151210, "pages" : 0, "day" : 10, "month" : 12, "year" : 2015, "hits" : 2, "unique" : 0, "uniquemonth" : 0, "count" : 0, "search" : 0, "direct" : 0, "social" : 0, "unknown" : 0, "advert" : 0, "mobile" : 0, "desktop" : 0, "visitors" : 0 }
{ "_id" : 20151211, "day" : 11, "month" : 12, "year" : 2015, "hits" : 3, "unique" : 0, "uniquemonth" : 0, "count" : 1, "search" : 0, "direct" : 0, "social" : 0, "unknown" : 1, "advert" : 0, "mobile" : 0, "desktop" : 0, "visitors" : 1, "pages" : 2 }
{ "_id" : 20151221, "day" : 21, "month" : 12, "year" : 2015, "hits" : 8, "unique" : 0, "uniquemonth" : 0, "count" : 2, "search" : 0, "direct" : 1, "social" : 0, "unknown" : 1, "advert" : 0, "mobile" : 0, "desktop" : 0, "visitors" : 3, "pages" : 4 }
{ "_id" : 20151224, "day" : 24, "month" : 12, "year" : 2015, "hits" : 0, "unique" : 0, "uniquemonth" : 0, "count" : 0, "search" : 0, "direct" : 0, "social" : 0, "unknown" : 0, "advert" : 0, "mobile" : 0, "desktop" : 0, "visitors" : 3, "pages" : 0 }
