{ "_id" : "settings", "oauth2_linkedin_secret" : "", "oauth2_linkedin_key" : "", "oauth2_vk_secret" : "", "oauth2_vk_key" : "", "oauth2_dropbox_secret" : "", "oauth2_dropbox_key" : "", "oauth2_live_secret" : "", "oauth2_live_key" : "", "oauth2_yahoo_secret" : "", "oauth2_yahoo_key" : "", "oauth2_instagram_secret" : "", "oauth2_instagram_key" : "", "oauth2_google_secret" : "", "oauth2_google_key" : "", "oauth2_facebook_secret" : "", "oauth2_facebook_key" : "", "paypaldebug" : false, "paypalsignature" : "", "paypalpassword" : "", "paypaluser" : "", "users" : [  ], "defaultorderstatus" : "Is waiting for approval.", "deliverytypes" : [ "Remax", "UPS" ], "navigations" : [ "footer", "searchbar" ], "templates" : [ "default" ], "url" : "http://127.0.0.1:8000", "emailsender" : "info@totaljs.com", "emailreply" : "info@totaljs.com", "emailorderform" : "info@totaljs.com", "emailcontactform" : "info@totaljs.com", "currency_entity" : "&euro;", "currency" : "EUR", "posts" : [ "Blogs" ], "emailuserform" : "info@totaljs.com" }
