{ "_id" : { "$oid" : "56f7edcce4a615a691d34316" }, "filename" : "144018198443151a46lxr.jpg", "contentType" : "binary/octet-stream", "length" : 41226, "chunkSize" : 261120, "uploadDate" : { "$date" : "2016-03-27T14:27:25.348+0000" }, "aliases" : null, "metadata" : null, "md5" : "5bfbb11f00122676ef723e46971fce7e" }
{ "_id" : { "$oid" : "56f7edcde4a615a691d3431b" }, "filename" : "14401820333047tejc3di.jpg", "contentType" : "binary/octet-stream", "length" : 50602, "chunkSize" : 261120, "uploadDate" : { "$date" : "2016-03-27T14:27:26.475+0000" }, "aliases" : null, "metadata" : null, "md5" : "badc6b4c08c541fe041652aed151b464" }
{ "_id" : { "$oid" : "56f7edcee4a615a691d34320" }, "filename" : "1440182099685uth85mi.jpg", "contentType" : "binary/octet-stream", "length" : 60474, "chunkSize" : 261120, "uploadDate" : { "$date" : "2016-03-27T14:27:27.365+0000" }, "aliases" : null, "metadata" : null, "md5" : "c4a3a335cf88a569064a3e4be38d26f3" }
{ "_id" : { "$oid" : "56f7edcfe4a615a691d34325" }, "filename" : "1440182153758zjfez5mi.jpg", "contentType" : "binary/octet-stream", "length" : 61622, "chunkSize" : 261120, "uploadDate" : { "$date" : "2016-03-27T14:27:28.464+0000" }, "aliases" : null, "metadata" : null, "md5" : "e475e32d41a57a11537bc5585a02513c" }
{ "_id" : { "$oid" : "56f7edd0e4a615a691d3432a" }, "filename" : "1440182210756zllq5mi.jpg", "contentType" : "binary/octet-stream", "length" : 61608, "chunkSize" : 261120, "uploadDate" : { "$date" : "2016-03-27T14:27:29.598+0000" }, "aliases" : null, "metadata" : null, "md5" : "d7577734c79afb14f3c92283bdfaf885" }
{ "_id" : { "$oid" : "56f7edd2e4a615a691d3432f" }, "filename" : "1440182249018k4t2o6r.jpg", "contentType" : "binary/octet-stream", "length" : 43439, "chunkSize" : 261120, "uploadDate" : { "$date" : "2016-03-27T14:27:30.475+0000" }, "aliases" : null, "metadata" : null, "md5" : "b0e9bae1933b31a96125d5a93c6dd91d" }
{ "_id" : { "$oid" : "56f7edd2e4a615a691d34334" }, "filename" : "1440182777688ffwm6lxr.jpg", "contentType" : "binary/octet-stream", "length" : 67281, "chunkSize" : 261120, "uploadDate" : { "$date" : "2016-03-27T14:27:31.606+0000" }, "aliases" : null, "metadata" : null, "md5" : "f242102f3e8a876e723c439021e7f7b4" }
{ "_id" : { "$oid" : "56f7edd4e4a615a691d34339" }, "filename" : "144018304954227kqpvi.jpg", "contentType" : "binary/octet-stream", "length" : 108650, "chunkSize" : 261120, "uploadDate" : { "$date" : "2016-03-27T14:27:32.531+0000" }, "aliases" : null, "metadata" : null, "md5" : "05c4a30c26e5aef3cd2b043483ad4c03" }
{ "_id" : { "$oid" : "56f7edd4e4a615a691d3433e" }, "filename" : "1440183137667jnok1emi.jpg", "contentType" : "binary/octet-stream", "length" : 15596, "chunkSize" : 261120, "uploadDate" : { "$date" : "2016-03-27T14:27:33.386+0000" }, "aliases" : null, "metadata" : null, "md5" : "82a83968b8383655d96969f97730905f" }
{ "_id" : { "$oid" : "56f7edd5e4a615a691d34343" }, "filename" : "1440183223618f9gj5rk9.jpg", "contentType" : "binary/octet-stream", "length" : 36972, "chunkSize" : 261120, "uploadDate" : { "$date" : "2016-03-27T14:27:34.239+0000" }, "aliases" : null, "metadata" : null, "md5" : "6a599cbcdb6436ca910daac1749d03c0" }
{ "_id" : { "$oid" : "56f7edd6e4a615a691d34348" }, "filename" : "14401833287402em6lxr.jpg", "contentType" : "binary/octet-stream", "length" : 79341, "chunkSize" : 261120, "uploadDate" : { "$date" : "2016-03-27T14:27:35.131+0000" }, "aliases" : null, "metadata" : null, "md5" : "08ececfaa29308eaeb8c14e1622392c8" }
{ "_id" : { "$oid" : "56f7edd7e4a615a691d3434d" }, "filename" : "1440183565934xby8ehfr.jpg", "contentType" : "binary/octet-stream", "length" : 51901, "chunkSize" : 261120, "uploadDate" : { "$date" : "2016-03-27T14:27:36.015+0000" }, "aliases" : null, "metadata" : null, "md5" : "9d9350190bc6f72fa1176f57f430793c" }
{ "_id" : { "$oid" : "56f7edd8e4a615a691d34352" }, "filename" : "14401836177388kkpgb9.jpg", "contentType" : "binary/octet-stream", "length" : 16713, "chunkSize" : 261120, "uploadDate" : { "$date" : "2016-03-27T14:27:36.863+0000" }, "aliases" : null, "metadata" : null, "md5" : "a45db70057ae67175bc058b9ad192e0e" }
{ "_id" : { "$oid" : "56f7edd9e4a615a691d34357" }, "filename" : "1440183686876hiqhyqfr.jpg", "contentType" : "binary/octet-stream", "length" : 9326, "chunkSize" : 261120, "uploadDate" : { "$date" : "2016-03-27T14:27:37.685+0000" }, "aliases" : null, "metadata" : null, "md5" : "962020b9f701e30f1d1fe0afa7cfabe5" }
{ "_id" : { "$oid" : "56f7eddae4a615a691d3435c" }, "filename" : "1440184053617ar1kyb9.jpg", "contentType" : "binary/octet-stream", "length" : 43624, "chunkSize" : 261120, "uploadDate" : { "$date" : "2016-03-27T14:27:38.566+0000" }, "aliases" : null, "metadata" : null, "md5" : "8729c20c8be3956f253fb6c8fc66b62f" }
{ "_id" : { "$oid" : "56f7eddae4a615a691d34361" }, "filename" : "1440184104647kkrl766r.jpg", "contentType" : "binary/octet-stream", "length" : 25669, "chunkSize" : 261120, "uploadDate" : { "$date" : "2016-03-27T14:27:39.413+0000" }, "aliases" : null, "metadata" : null, "md5" : "b12b7b940ae98af7fda5e7c026e422a3" }
{ "_id" : { "$oid" : "56f7eddbe4a615a691d34366" }, "filename" : "1440184172035f7s0pb9.jpg", "contentType" : "binary/octet-stream", "length" : 39880, "chunkSize" : 261120, "uploadDate" : { "$date" : "2016-03-27T14:27:40.492+0000" }, "aliases" : null, "metadata" : null, "md5" : "497f729ac53a693e07ec0864def100c6" }
{ "_id" : { "$oid" : "56f7eddce4a615a691d3436b" }, "filename" : "14401842747322vzyf1or.jpg", "contentType" : "binary/octet-stream", "length" : 30248, "chunkSize" : 261120, "uploadDate" : { "$date" : "2016-03-27T14:27:41.344+0000" }, "aliases" : null, "metadata" : null, "md5" : "2ec032378a7eba82e110e791bf951208" }
{ "_id" : { "$oid" : "56f7eddde4a615a691d34370" }, "filename" : "1440184438166txmbzkt9.jpg", "contentType" : "binary/octet-stream", "length" : 31551, "chunkSize" : 261120, "uploadDate" : { "$date" : "2016-03-27T14:27:42.198+0000" }, "aliases" : null, "metadata" : null, "md5" : "8c761672eb120a1800e2ea590c9d014f" }
{ "_id" : { "$oid" : "56f7eddee4a615a691d34375" }, "filename" : "1440184468880s4te29.jpg", "contentType" : "binary/octet-stream", "length" : 111827, "chunkSize" : 261120, "uploadDate" : { "$date" : "2016-03-27T14:27:43.125+0000" }, "aliases" : null, "metadata" : null, "md5" : "1b3871b1a70db730497d5f02b61c6571" }
{ "_id" : { "$oid" : "56f7eddfe4a615a691d3437a" }, "filename" : "1440184555257ow3o9a4i.jpg", "contentType" : "binary/octet-stream", "length" : 10189, "chunkSize" : 261120, "uploadDate" : { "$date" : "2016-03-27T14:27:43.944+0000" }, "aliases" : null, "metadata" : null, "md5" : "a1ed993b817d07a90c5c3d994785a06c" }
{ "_id" : { "$oid" : "56f7ede0e4a615a691d3437f" }, "filename" : "1440184605702oiqf47vi.jpg", "contentType" : "binary/octet-stream", "length" : 38452, "chunkSize" : 261120, "uploadDate" : { "$date" : "2016-03-27T14:27:44.800+0000" }, "aliases" : null, "metadata" : null, "md5" : "43daa971d4a705e156b4758e5a0e9806" }
{ "_id" : { "$oid" : "56f7efda5b742431956df746" }, "filename" : "56f7efda5b742431956df746.jpg", "contentType" : "binary/octet-stream", "length" : 28540, "chunkSize" : 261120, "uploadDate" : { "$date" : "2016-03-27T14:36:11.366+0000" }, "aliases" : null, "metadata" : null, "md5" : "4ec05d3bca2322ea30231a37d2e61ebf" }
{ "_id" : { "$oid" : "56f7efe35b742431956df749" }, "filename" : "56f7efe35b742431956df749.jpg", "contentType" : "binary/octet-stream", "length" : 24607, "chunkSize" : 261120, "uploadDate" : { "$date" : "2016-03-27T14:36:19.476+0000" }, "aliases" : null, "metadata" : null, "md5" : "83f58441700fa21ea717819942d952a7" }
