{ "_id" : { "$oid" : "56f659c2dd74c2b83888f5e7" }, "id" : "293c4a41b9", "category" : "Blogs", "template" : "default", "language" : "", "name" : "Thank you for your purchase", "perex" : "Lorem ipsum dolor sit amet, consectetur adipisicing elit. Quidem minus cumque placeat quisquam, eligendi adipisci vero temporibus alias consectetur aperiam rem obcaecati, blanditiis eaque dicta accusantium veniam architecto est tempore. Minus aspernatur quibusdam blanditiis neque ut totam iusto. Ullam ex dicta alias tempora ea earum harum error accusantium provident atque?", "keywords" : "", "isremoved" : false, "tags" : [  ], "search" : "tempo iou quo aliqu iust adipis blanditi minu sit ame eveni adipisic eli quid lore ipsu alia dolo dict accusant architec ex haru ea blo aperi rem obcaeca cumq eaqu place quisqu veni eligen est than aspernat quibusd nequ ut tota for ulla our firs earu ver erro provide atqu ips purcha corpor porr doloremq repudian illu veritat sin temporib consecte nesciu molesti vita cum exceptu volupta imped ad hic perspicia iur aute ess qui debit und natu sequ distinct offici pete sirk", "pictures" : [ "/img/empty-blog.png" ], "body" : "<div class=\"CMS_widgets\"><div class=\"CMS_template CMS_remove\"><br>\n<div class=\"row\">\n    <div class=\"col-md-2\"></div>\n    <div class=\"col-md-8\">\n        <div class=\"CMS_remove\">\n            <div><img src=\"/img/empty-blog.png\" class=\"CMS_edit img-responsive\" data-width=\"800\" data-height=\"400\" alt=\"\"></div>\n            <br>\n        </div>\n        <h1 class=\"CMS_edit CMS_singleline\">Our first blog</h1>\n        <hr>\n        <p class=\"CMS_edit CMS_singleline CMS_perex\">Lorem ipsum dolor sit amet, consectetur adipisicing elit. Quidem minus cumque placeat quisquam, eligendi adipisci vero temporibus alias consectetur aperiam rem obcaecati, blanditiis eaque dicta accusantium veniam architecto est tempore. Minus aspernatur quibusdam blanditiis neque ut totam iusto. Ullam ex dicta alias tempora ea earum harum error accusantium provident atque?</p>\n        <hr>\n        <div>\n            <div class=\"CMS_repeat\">\n                <div class=\"CMS_edit\">Lorem ipsum dolor sit amet, consectetur adipisicing elit. Ipsa quos corporis porro doloremque repudiandae adipisci architecto illum veritatis sint blanditiis eveniet, aliquam quo nesciunt molestiae vitae, cum excepturi voluptate. Aliquid, impedit. Ad hic perspiciatis iure eveniet adipisci autem ex esse quidem quis debitis unde natus sequi distinctio, officiis, harum! A!</div>\n                <br>\n            </div>\n        </div>\n        <div class=\"CMS_widgets\"></div>\n        <br>\n        <div>Author: <b class=\"CMS_edit CMS_singleline\">Peter Širka</b></div>\n    </div>\n</div></div></div>", "datecreated" : { "$date" : "2016-03-26T09:43:30.197+0000" }, "linker" : "20160326-thank-you-for-your-purchase", "category_linker" : "blogs", "dateupdated" : { "$date" : "2016-03-27T14:43:10.371+0000" } }
