{ "_id" : { "$oid" : "56f7edcde4a615a691d3431a" }, "id" : "6032716270001ldf", "pictures" : [ "56f7edcce4a615a691d34316" ], "reference" : "", "category" : "Shoes", "manufacturer" : "", "name" : "Gazon Sport", "price" : 94.95, "body" : "Lorem ipsum dolor sit amet, consectetur adipisicing elit. Ipsa omnis fuga, nisi hic quasi aliquid ducimus dolores quis non maiores quam praesentium totam. Molestiae provident voluptatem ut laborum et veritatis ratione eius obcaecati temporibus a. Blanditiis dignissimos repudiandae at sunt vitae, quas velit, delectus maxime nostrum. Consequuntur architecto voluptatum, ipsa.", "istop" : false, "linker" : "gazon-sport", "linker_category" : "shoes", "linker_manufacturer" : "", "datecreated" : { "$date" : "2016-03-27T14:27:25.659+0000" }, "search" : [ "gazo", "spor", "shoe" ], "isremoved" : false }
{ "_id" : { "$oid" : "56f7edcee4a615a691d3431f" }, "id" : "6032716270002ldf", "pictures" : [ "56f7edcde4a615a691d3431b" ], "reference" : "", "category" : "Shoes", "manufacturer" : "", "name" : "Chuck Taylor All Star Leather Hi", "price" : 85, "body" : "Lorem ipsum dolor sit amet, consectetur adipisicing elit. Ipsa omnis fuga, nisi hic quasi aliquid ducimus dolores quis non maiores quam praesentium totam. Molestiae provident voluptatem ut laborum et veritatis ratione eius obcaecati temporibus a. Blanditiis dignissimos repudiandae at sunt vitae, quas velit, delectus maxime nostrum. Consequuntur architecto voluptatum, ipsa.", "istop" : false, "linker" : "chuck-taylor-all-star-leather-hi", "linker_category" : "shoes", "linker_manufacturer" : "", "datecreated" : { "$date" : "2016-03-27T14:27:26.780+0000" }, "search" : [ "chuc", "tail", "all", "sta", "leath", "hi", "shoe" ], "isremoved" : false }
{ "_id" : { "$oid" : "56f7edcfe4a615a691d34324" }, "id" : "6032716270003ldf", "pictures" : [ "56f7edcee4a615a691d34320" ], "reference" : "", "category" : "Shoes", "manufacturer" : "", "name" : "Era", "price" : 73.95, "body" : "Lorem ipsum dolor sit amet, consectetur adipisicing elit. Ipsa omnis fuga, nisi hic quasi aliquid ducimus dolores quis non maiores quam praesentium totam. Molestiae provident voluptatem ut laborum et veritatis ratione eius obcaecati temporibus a. Blanditiis dignissimos repudiandae at sunt vitae, quas velit, delectus maxime nostrum. Consequuntur architecto voluptatum, ipsa.", "istop" : false, "linker" : "era", "linker_category" : "shoes", "linker_manufacturer" : "", "datecreated" : { "$date" : "2016-03-27T14:27:27.669+0000" }, "search" : [ "era", "shoe" ], "isremoved" : false }
{ "_id" : { "$oid" : "56f7edd0e4a615a691d34329" }, "id" : "6032716270004ldf", "pictures" : [ "56f7edcfe4a615a691d34325" ], "reference" : "", "category" : "Shoes", "manufacturer" : "", "name" : "Colorado", "price" : 134, "body" : "Lorem ipsum dolor sit amet, consectetur adipisicing elit. Ipsa omnis fuga, nisi hic quasi aliquid ducimus dolores quis non maiores quam praesentium totam. Molestiae provident voluptatem ut laborum et veritatis ratione eius obcaecati temporibus a. Blanditiis dignissimos repudiandae at sunt vitae, quas velit, delectus maxime nostrum. Consequuntur architecto voluptatum, ipsa.", "istop" : true, "linker" : "colorado", "linker_category" : "shoes", "linker_manufacturer" : "", "datecreated" : { "$date" : "2016-03-27T14:27:28.768+0000" }, "search" : [ "colora", "shoe" ], "isremoved" : false }
{ "_id" : { "$oid" : "56f7edd1e4a615a691d3432e" }, "id" : "6032716270005ldf", "pictures" : [ "56f7edd0e4a615a691d3432a" ], "reference" : "", "category" : "Shoes", "manufacturer" : "", "name" : "Go Run Ultra", "price" : 67, "body" : "Lorem ipsum dolor sit amet, consectetur adipisicing elit. Ipsa omnis fuga, nisi hic quasi aliquid ducimus dolores quis non maiores quam praesentium totam. Molestiae provident voluptatem ut laborum et veritatis ratione eius obcaecati temporibus a. Blanditiis dignissimos repudiandae at sunt vitae, quas velit, delectus maxime nostrum. Consequuntur architecto voluptatum, ipsa.", "istop" : false, "linker" : "go-run-ultra", "linker_category" : "shoes", "linker_manufacturer" : "", "datecreated" : { "$date" : "2016-03-27T14:27:29.903+0000" }, "search" : [ "go", "run", "ultr", "shoe" ], "isremoved" : false }
{ "_id" : { "$oid" : "56f7edd2e4a615a691d34333" }, "id" : "6032716270006ldf", "pictures" : [ "56f7edd2e4a615a691d3432f" ], "reference" : "", "category" : "Shoes", "manufacturer" : "", "name" : "Arnedo 2", "price" : 11, "body" : "Lorem ipsum dolor sit amet, consectetur adipisicing elit. Ipsa omnis fuga, nisi hic quasi aliquid ducimus dolores quis non maiores quam praesentium totam. Molestiae provident voluptatem ut laborum et veritatis ratione eius obcaecati temporibus a. Blanditiis dignissimos repudiandae at sunt vitae, quas velit, delectus maxime nostrum. Consequuntur architecto voluptatum, ipsa.", "istop" : false, "linker" : "arnedo-2", "linker_category" : "shoes", "linker_manufacturer" : "", "datecreated" : { "$date" : "2016-03-27T14:27:30.780+0000" }, "search" : [ "arne", "shoe" ], "isremoved" : false }
{ "_id" : { "$oid" : "56f7edd3e4a615a691d34338" }, "id" : "6032716270007ldf", "pictures" : [ "56f7edd2e4a615a691d34334" ], "reference" : "", "category" : "Shirts", "manufacturer" : "", "name" : "Look Short Shirt", "price" : 19.99, "body" : "Lorem ipsum dolor sit amet, consectetur adipisicing elit. Ipsa omnis fuga, nisi hic quasi aliquid ducimus dolores quis non maiores quam praesentium totam. Molestiae provident voluptatem ut laborum et veritatis ratione eius obcaecati temporibus a. Blanditiis dignissimos repudiandae at sunt vitae, quas velit, delectus maxime nostrum. Consequuntur architecto voluptatum, ipsa.", "istop" : false, "linker" : "look-short-shirt", "linker_category" : "shirts", "linker_manufacturer" : "", "datecreated" : { "$date" : "2016-03-27T14:27:31.913+0000" }, "search" : [ "shir", "loo", "shor" ], "isremoved" : false }
{ "_id" : { "$oid" : "56f7edd4e4a615a691d3433d" }, "id" : "6032716270008ldf", "pictures" : [ "56f7edd4e4a615a691d34339" ], "reference" : "", "category" : "Shirts", "manufacturer" : "", "name" : "Tweed Sport Shirt 2", "price" : 99, "body" : "Lorem ipsum dolor sit amet, consectetur adipisicing elit. Ipsa omnis fuga, nisi hic quasi aliquid ducimus dolores quis non maiores quam praesentium totam. Molestiae provident voluptatem ut laborum et veritatis ratione eius obcaecati temporibus a. Blanditiis dignissimos repudiandae at sunt vitae, quas velit, delectus maxime nostrum. Consequuntur architecto voluptatum, ipsa.", "istop" : false, "linker" : "tweed-sport-shirt-2", "linker_category" : "shirts", "linker_manufacturer" : "", "datecreated" : { "$date" : "2016-03-27T14:27:32.838+0000" }, "search" : [ "shir", "twee", "spor" ], "isremoved" : false }
{ "_id" : { "$oid" : "56f7edd5e4a615a691d34342" }, "id" : "6032716270009ldf", "pictures" : [ "56f7edd4e4a615a691d3433e" ], "reference" : "", "category" : "Shirts", "manufacturer" : "", "name" : "John Players Casual Shirt", "price" : 78, "body" : "Lorem ipsum dolor sit amet, consectetur adipisicing elit. Ipsa omnis fuga, nisi hic quasi aliquid ducimus dolores quis non maiores quam praesentium totam. Molestiae provident voluptatem ut laborum et veritatis ratione eius obcaecati temporibus a. Blanditiis dignissimos repudiandae at sunt vitae, quas velit, delectus maxime nostrum. Consequuntur architecto voluptatum, ipsa.", "istop" : false, "linker" : "john-players-casual-shirt", "linker_category" : "shirts", "linker_manufacturer" : "", "datecreated" : { "$date" : "2016-03-27T14:27:33.689+0000" }, "search" : [ "shir", "joh", "plaie", "casu" ], "isremoved" : false }
{ "_id" : { "$oid" : "56f7edd6e4a615a691d34347" }, "id" : "6032716270010ldf", "pictures" : [ "56f7edd5e4a615a691d34343" ], "reference" : "", "category" : "Shirts", "manufacturer" : "", "name" : "Script Long Sleeve Armory", "price" : 25.99, "body" : "Lorem ipsum dolor sit amet, consectetur adipisicing elit. Ipsa omnis fuga, nisi hic quasi aliquid ducimus dolores quis non maiores quam praesentium totam. Molestiae provident voluptatem ut laborum et veritatis ratione eius obcaecati temporibus a. Blanditiis dignissimos repudiandae at sunt vitae, quas velit, delectus maxime nostrum. Consequuntur architecto voluptatum, ipsa.", "istop" : false, "linker" : "script-long-sleeve-armory", "linker_category" : "shirts", "linker_manufacturer" : "", "datecreated" : { "$date" : "2016-03-27T14:27:34.546+0000" }, "search" : [ "scri", "lon", "slee", "armo", "shir" ], "isremoved" : false }
{ "_id" : { "$oid" : "56f7edd7e4a615a691d3434c" }, "id" : "6032716270011ldf", "pictures" : [ "56f7edd6e4a615a691d34348" ], "reference" : "", "category" : "Shirts", "manufacturer" : "", "name" : "Washbasket Shirt", "price" : 69.99, "body" : "Lorem ipsum dolor sit amet, consectetur adipisicing elit. Ipsa omnis fuga, nisi hic quasi aliquid ducimus dolores quis non maiores quam praesentium totam. Molestiae provident voluptatem ut laborum et veritatis ratione eius obcaecati temporibus a. Blanditiis dignissimos repudiandae at sunt vitae, quas velit, delectus maxime nostrum. Consequuntur architecto voluptatum, ipsa.", "istop" : true, "linker" : "washbasket-shirt", "linker_category" : "shirts", "linker_manufacturer" : "", "datecreated" : { "$date" : "2016-03-27T14:27:35.436+0000" }, "search" : [ "shir", "washbask" ], "isremoved" : false }
{ "_id" : { "$oid" : "56f7edd8e4a615a691d34351" }, "id" : "6032716270012ldf", "pictures" : [ "56f7edd7e4a615a691d3434d" ], "reference" : "", "category" : "Outerwear", "manufacturer" : "", "name" : "Light Down Reversible Vest 2", "price" : 69, "body" : "Lorem ipsum dolor sit amet, consectetur adipisicing elit. Ipsa omnis fuga, nisi hic quasi aliquid ducimus dolores quis non maiores quam praesentium totam. Molestiae provident voluptatem ut laborum et veritatis ratione eius obcaecati temporibus a. Blanditiis dignissimos repudiandae at sunt vitae, quas velit, delectus maxime nostrum. Consequuntur architecto voluptatum, ipsa.", "istop" : false, "linker" : "light-down-reversible-vest-2", "linker_category" : "outerwear", "linker_manufacturer" : "", "datecreated" : { "$date" : "2016-03-27T14:27:36.319+0000" }, "search" : [ "ligh", "dow", "reversib", "ves", "outerwe" ], "isremoved" : false }
{ "_id" : { "$oid" : "56f7edd9e4a615a691d34356" }, "id" : "6032716270013ldf", "pictures" : [ "56f7edd8e4a615a691d34352" ], "reference" : "", "category" : "Outerwear", "manufacturer" : "", "name" : "Ultra Light Down Jacket", "price" : 79.9, "body" : "Lorem ipsum dolor sit amet, consectetur adipisicing elit. Ipsa omnis fuga, nisi hic quasi aliquid ducimus dolores quis non maiores quam praesentium totam. Molestiae provident voluptatem ut laborum et veritatis ratione eius obcaecati temporibus a. Blanditiis dignissimos repudiandae at sunt vitae, quas velit, delectus maxime nostrum. Consequuntur architecto voluptatum, ipsa.", "istop" : true, "linker" : "ultra-light-down-jacket", "linker_category" : "outerwear", "linker_manufacturer" : "", "datecreated" : { "$date" : "2016-03-27T14:27:37.168+0000" }, "search" : [ "ultr", "ligh", "dow", "jack", "outerwe" ], "isremoved" : false }
{ "_id" : { "$oid" : "56f7edd9e4a615a691d3435b" }, "id" : "6032716270014ldf", "pictures" : [ "56f7edd9e4a615a691d34357" ], "reference" : "", "category" : "Outerwear", "manufacturer" : "", "name" : "Reversible Parka", "price" : 39.9, "body" : "Lorem ipsum dolor sit amet, consectetur adipisicing elit. Ipsa omnis fuga, nisi hic quasi aliquid ducimus dolores quis non maiores quam praesentium totam. Molestiae provident voluptatem ut laborum et veritatis ratione eius obcaecati temporibus a. Blanditiis dignissimos repudiandae at sunt vitae, quas velit, delectus maxime nostrum. Consequuntur architecto voluptatum, ipsa.", "istop" : true, "linker" : "reversible-parka", "linker_category" : "outerwear", "linker_manufacturer" : "", "datecreated" : { "$date" : "2016-03-27T14:27:37.990+0000" }, "search" : [ "reversib", "park", "outerwe" ], "isremoved" : false }
{ "_id" : { "$oid" : "56f7eddae4a615a691d34360" }, "id" : "6032716270015ldf", "pictures" : [ "56f7eddae4a615a691d3435c" ], "reference" : "", "category" : "Outerwear", "manufacturer" : "", "name" : "Home Parka 2", "price" : 24.99, "body" : "Lorem ipsum dolor sit amet, consectetur adipisicing elit. Ipsa omnis fuga, nisi hic quasi aliquid ducimus dolores quis non maiores quam praesentium totam. Molestiae provident voluptatem ut laborum et veritatis ratione eius obcaecati temporibus a. Blanditiis dignissimos repudiandae at sunt vitae, quas velit, delectus maxime nostrum. Consequuntur architecto voluptatum, ipsa.", "istop" : false, "linker" : "home-parka-2", "linker_category" : "outerwear", "linker_manufacturer" : "", "datecreated" : { "$date" : "2016-03-27T14:27:38.870+0000" }, "search" : [ "hom", "park", "outerwe" ], "isremoved" : false }
{ "_id" : { "$oid" : "56f7eddbe4a615a691d34365" }, "id" : "6032716270016ldf", "pictures" : [ "56f7eddae4a615a691d34361" ], "reference" : "", "category" : "Jeans", "manufacturer" : "", "name" : "Regular Fit Straight Jeans", "price" : 49.99, "body" : "Lorem ipsum dolor sit amet, consectetur adipisicing elit. Ipsa omnis fuga, nisi hic quasi aliquid ducimus dolores quis non maiores quam praesentium totam. Molestiae provident voluptatem ut laborum et veritatis ratione eius obcaecati temporibus a. Blanditiis dignissimos repudiandae at sunt vitae, quas velit, delectus maxime nostrum. Consequuntur architecto voluptatum, ipsa.", "istop" : false, "linker" : "regular-fit-straight-jeans", "linker_category" : "jeans", "linker_manufacturer" : "", "datecreated" : { "$date" : "2016-03-27T14:27:39.731+0000" }, "search" : [ "jean", "regul", "fit", "straig" ], "isremoved" : false }
{ "_id" : { "$oid" : "56f7eddce4a615a691d3436a" }, "id" : "6032716270017ldf", "pictures" : [ "56f7eddbe4a615a691d34366" ], "reference" : "", "category" : "Jeans", "manufacturer" : "", "name" : "Fit Straight Jeans", "price" : 67.33, "body" : "Lorem ipsum dolor sit amet, consectetur adipisicing elit. Ipsa omnis fuga, nisi hic quasi aliquid ducimus dolores quis non maiores quam praesentium totam. Molestiae provident voluptatem ut laborum et veritatis ratione eius obcaecati temporibus a. Blanditiis dignissimos repudiandae at sunt vitae, quas velit, delectus maxime nostrum. Consequuntur architecto voluptatum, ipsa.", "istop" : false, "linker" : "fit-straight-jeans", "linker_category" : "jeans", "linker_manufacturer" : "", "datecreated" : { "$date" : "2016-03-27T14:27:40.796+0000" }, "search" : [ "jean", "fit", "straig" ], "isremoved" : false }
{ "_id" : { "$oid" : "56f7eddde4a615a691d3436f" }, "id" : "6032716270018ldf", "pictures" : [ "56f7eddce4a615a691d3436b" ], "reference" : "", "category" : "Jeans", "manufacturer" : "", "name" : "Strech Slim Straight Jeans", "price" : 46.5, "body" : "Lorem ipsum dolor sit amet, consectetur adipisicing elit. Ipsa omnis fuga, nisi hic quasi aliquid ducimus dolores quis non maiores quam praesentium totam. Molestiae provident voluptatem ut laborum et veritatis ratione eius obcaecati temporibus a. Blanditiis dignissimos repudiandae at sunt vitae, quas velit, delectus maxime nostrum. Consequuntur architecto voluptatum, ipsa.", "istop" : false, "linker" : "strech-slim-straight-jeans", "linker_category" : "jeans", "linker_manufacturer" : "", "datecreated" : { "$date" : "2016-03-27T14:27:41.648+0000" }, "search" : [ "jean", "stre", "sli", "straig" ], "isremoved" : false }
{ "_id" : { "$oid" : "56f7eddee4a615a691d34374" }, "id" : "6032716270019ldf", "pictures" : [ "56f7eddde4a615a691d34370" ], "reference" : "", "category" : "Jackets", "manufacturer" : "", "name" : "Long Sleeve Jacket", "price" : 29.9, "body" : "Lorem ipsum dolor sit amet, consectetur adipisicing elit. Ipsa omnis fuga, nisi hic quasi aliquid ducimus dolores quis non maiores quam praesentium totam. Molestiae provident voluptatem ut laborum et veritatis ratione eius obcaecati temporibus a. Blanditiis dignissimos repudiandae at sunt vitae, quas velit, delectus maxime nostrum. Consequuntur architecto voluptatum, ipsa.", "istop" : false, "linker" : "long-sleeve-jacket", "linker_category" : "jackets", "linker_manufacturer" : "", "datecreated" : { "$date" : "2016-03-27T14:27:42.501+0000" }, "search" : [ "lon", "slee", "jack", "jacke" ], "isremoved" : false }
{ "_id" : { "$oid" : "56f7eddfe4a615a691d34379" }, "id" : "6032716270020ldf", "pictures" : [ "56f7eddee4a615a691d34375" ], "reference" : "", "category" : "Jackets", "manufacturer" : "", "name" : "Green Sleeve Jacket", "price" : 33.9, "body" : "Lorem ipsum dolor sit amet, consectetur adipisicing elit. Ipsa omnis fuga, nisi hic quasi aliquid ducimus dolores quis non maiores quam praesentium totam. Molestiae provident voluptatem ut laborum et veritatis ratione eius obcaecati temporibus a. Blanditiis dignissimos repudiandae at sunt vitae, quas velit, delectus maxime nostrum. Consequuntur architecto voluptatum, ipsa.", "istop" : true, "linker" : "green-sleeve-jacket", "linker_category" : "jackets", "linker_manufacturer" : "", "datecreated" : { "$date" : "2016-03-27T14:27:43.429+0000" }, "search" : [ "gree", "slee", "jack", "jacke" ], "isremoved" : false }
{ "_id" : { "$oid" : "56f7ede0e4a615a691d3437e" }, "id" : "6032716270021ldf", "pictures" : [ "56f7eddfe4a615a691d3437a" ], "reference" : "", "category" : "Shorts", "manufacturer" : "", "name" : "Chino Shorts", "price" : 23, "body" : "Lorem ipsum dolor sit amet, consectetur adipisicing elit. Ipsa omnis fuga, nisi hic quasi aliquid ducimus dolores quis non maiores quam praesentium totam. Molestiae provident voluptatem ut laborum et veritatis ratione eius obcaecati temporibus a. Blanditiis dignissimos repudiandae at sunt vitae, quas velit, delectus maxime nostrum. Consequuntur architecto voluptatum, ipsa.", "istop" : false, "linker" : "chino-shorts", "linker_category" : "shorts", "linker_manufacturer" : "", "datecreated" : { "$date" : "2016-03-27T14:27:44.248+0000" }, "search" : [ "shor", "chin" ], "isremoved" : false }
{ "_id" : { "$oid" : "56f7ede1e4a615a691d34383" }, "id" : "6032716270022ldf", "pictures" : [ "56f7ede0e4a615a691d3437f" ], "reference" : "", "category" : "Shorts", "manufacturer" : "", "name" : "Sweat Shorts", "price" : 19.9, "body" : "Lorem ipsum dolor sit amet, consectetur adipisicing elit. Ipsa omnis fuga, nisi hic quasi aliquid ducimus dolores quis non maiores quam praesentium totam. Molestiae provident voluptatem ut laborum et veritatis ratione eius obcaecati temporibus a. Blanditiis dignissimos repudiandae at sunt vitae, quas velit, delectus maxime nostrum. Consequuntur architecto voluptatum, ipsa.", "istop" : false, "linker" : "sweat-shorts", "linker_category" : "shorts", "linker_manufacturer" : "", "datecreated" : { "$date" : "2016-03-27T14:27:45.105+0000" }, "search" : [ "shor", "swea" ], "isremoved" : false }
