{ "_id" : 20151210, "pages" : 0, "day" : 10, "month" : 12, "year" : 2015, "hits" : 2, "unique" : 0, "uniquemonth" : 0, "count" : 0, "search" : 0, "direct" : 0, "social" : 0, "unknown" : 0, "advert" : 0, "mobile" : 0, "desktop" : 0, "visitors" : 0 }
{ "_id" : 20151211, "day" : 11, "month" : 12, "year" : 2015, "hits" : 3, "unique" : 0, "uniquemonth" : 0, "count" : 1, "search" : 0, "direct" : 0, "social" : 0, "unknown" : 1, "advert" : 0, "mobile" : 0, "desktop" : 0, "visitors" : 1, "pages" : 2 }
{ "_id" : 20151221, "day" : 21, "month" : 12, "year" : 2015, "hits" : 8, "unique" : 0, "uniquemonth" : 0, "count" : 2, "search" : 0, "direct" : 1, "social" : 0, "unknown" : 1, "advert" : 0, "mobile" : 0, "desktop" : 0, "visitors" : 3, "pages" : 4 }
{ "_id" : 20151224, "day" : 24, "month" : 12, "year" : 2015, "hits" : 0, "unique" : 0, "uniquemonth" : 0, "count" : 0, "search" : 0, "direct" : 0, "social" : 0, "unknown" : 0, "advert" : 0, "mobile" : 0, "desktop" : 0, "visitors" : 3, "pages" : 0 }
{ "_id" : 20151225, "day" : 25, "month" : 12, "year" : 2015, "hits" : 62, "unique" : 0, "uniquemonth" : 0, "count" : 1, "search" : 0, "direct" : 1, "social" : 0, "unknown" : 0, "advert" : 0, "mobile" : 0, "desktop" : 0, "visitors" : 4, "pages" : 61 }
{ "_id" : 20151226, "day" : 26, "month" : 12, "year" : 2015, "hits" : 2, "unique" : 0, "uniquemonth" : 0, "count" : 1, "search" : 0, "direct" : 0, "social" : 0, "unknown" : 1, "advert" : 0, "mobile" : 0, "desktop" : 0, "visitors" : 5, "pages" : 0 }
{ "_id" : 20160109, "day" : 9, "month" : 1, "year" : 2016, "hits" : 3, "unique" : 0, "uniquemonth" : 0, "count" : 0, "search" : 0, "direct" : 0, "social" : 0, "unknown" : 0, "advert" : 0, "mobile" : 0, "desktop" : 0, "visitors" : 5, "pages" : 0 }
{ "_id" : 20160204, "day" : 4, "month" : 2, "year" : 2016, "hits" : 5, "unique" : 1, "uniquemonth" : 0, "count" : 1, "search" : 0, "direct" : 1, "social" : 0, "unknown" : 0, "advert" : 0, "mobile" : 0, "desktop" : 1, "visitors" : 6, "pages" : 0 }
{ "_id" : 20160205, "day" : 5, "month" : 2, "year" : 2016, "hits" : 25, "unique" : 1, "uniquemonth" : 1, "count" : 6, "search" : 0, "direct" : 3, "social" : 0, "unknown" : 3, "advert" : 0, "mobile" : 0, "desktop" : 1, "visitors" : 12, "contactforms" : 1, "pages" : 4.16 }
{ "_id" : 20160206, "day" : 6, "month" : 2, "year" : 2016, "hits" : 77, "unique" : 1, "uniquemonth" : 1, "count" : 12, "search" : 0, "direct" : 8, "social" : 0, "unknown" : 4, "advert" : 0, "mobile" : 0, "desktop" : 1, "visitors" : 24, "contactforms" : 0, "pages" : 6.81 }
{ "_id" : 20160209, "day" : 9, "month" : 2, "year" : 2016, "hits" : 28, "unique" : 1, "uniquemonth" : 0, "count" : 3, "search" : 0, "direct" : 2, "social" : 0, "unknown" : 1, "advert" : 0, "mobile" : 0, "desktop" : 1, "visitors" : 27, "contactforms" : 0, "pages" : 13.5 }
{ "_id" : 20160212, "day" : 12, "month" : 2, "year" : 2016, "hits" : 17, "unique" : 0, "uniquemonth" : 0, "count" : 1, "search" : 0, "direct" : 0, "social" : 0, "unknown" : 1, "advert" : 0, "mobile" : 0, "desktop" : 0, "visitors" : 28, "contactforms" : 0, "pages" : 12 }
{ "_id" : 20160213, "day" : 13, "month" : 2, "year" : 2016, "hits" : 3, "unique" : 0, "uniquemonth" : 0, "count" : 0, "search" : 0, "direct" : 0, "social" : 0, "unknown" : 0, "advert" : 0, "mobile" : 0, "desktop" : 0, "visitors" : 28, "contactforms" : 0, "pages" : 0 }
{ "_id" : 20160216, "day" : 16, "month" : 2, "year" : 2016, "hits" : 5, "unique" : 1, "uniquemonth" : 0, "count" : 2, "search" : 0, "direct" : 1, "social" : 0, "unknown" : 1, "advert" : 0, "mobile" : 0, "desktop" : 1, "visitors" : 30, "contactforms" : 0, "pages" : 2 }
{ "_id" : 20160217, "day" : 17, "month" : 2, "year" : 2016, "hits" : 1, "unique" : 1, "uniquemonth" : 0, "count" : 1, "search" : 0, "direct" : 0, "social" : 0, "unknown" : 1, "advert" : 0, "mobile" : 0, "desktop" : 1, "visitors" : 31, "contactforms" : 0, "pages" : 0 }
{ "_id" : 20160219, "day" : 19, "month" : 2, "year" : 2016, "hits" : 2, "unique" : 1, "uniquemonth" : 0, "count" : 1, "search" : 0, "direct" : 1, "social" : 0, "unknown" : 0, "advert" : 0, "mobile" : 0, "desktop" : 1, "visitors" : 32, "contactforms" : 0, "pages" : 0 }
{ "_id" : 20160220, "day" : 20, "month" : 2, "year" : 2016, "hits" : 13, "unique" : 0, "uniquemonth" : 0, "count" : 1, "search" : 0, "direct" : 0, "social" : 0, "unknown" : 1, "advert" : 0, "mobile" : 0, "desktop" : 0, "visitors" : 33, "contactforms" : 0, "pages" : 0 }
{ "_id" : 20160221, "day" : 21, "month" : 2, "year" : 2016, "hits" : 25, "unique" : 0, "uniquemonth" : 0, "count" : 2, "search" : 0, "direct" : 0, "social" : 0, "unknown" : 2, "advert" : 0, "mobile" : 0, "desktop" : 0, "visitors" : 35, "contactforms" : 0 }
{ "_id" : 20160222, "day" : 22, "month" : 2, "year" : 2016, "hits" : 3, "unique" : 0, "uniquemonth" : 0, "count" : 1, "search" : 0, "direct" : 0, "social" : 0, "unknown" : 1, "advert" : 0, "mobile" : 0, "desktop" : 0, "visitors" : 36, "contactforms" : 0, "pages" : 0 }
{ "_id" : 20160303, "day" : 3, "month" : 3, "year" : 2016, "hits" : 5, "unique" : 0, "uniquemonth" : 0, "count" : 1, "search" : 0, "direct" : 0, "social" : 0, "unknown" : 1, "advert" : 0, "mobile" : 0, "desktop" : 0, "visitors" : 37, "contactforms" : 0, "pages" : 5 }
{ "_id" : 20160321, "day" : 26, "month" : 3, "year" : 2016, "hits" : 0, "unique" : 0, "uniquemonth" : 0, "count" : 0, "search" : 0, "direct" : 0, "social" : 0, "unknown" : 0, "advert" : 0, "mobile" : 0, "desktop" : 0, "visitors" : 37, "contactforms" : 0, "pages" : 0 }
{ "_id" : 20160326, "pages" : 8, "day" : 26, "month" : 3, "year" : 2016, "hits" : 15, "count" : 1, "unknown" : 1, "visitors" : 1 }
{ "_id" : 20160327, "pages" : 5, "day" : 27, "month" : 3, "year" : 2016, "hits" : 24, "count" : 6, "direct" : 2, "unknown" : 4, "visitors" : 7 }
{ "_id" : "0-cache", "pages" : 6, "day" : 31, "month" : 3, "year" : 2016, "hits" : 6, "unique" : 0, "uniquemonth" : 0, "count" : 1, "search" : 0, "direct" : 0, "social" : 0, "unknown" : 1, "advert" : 0, "mobile" : 0, "desktop" : 0, "visitors" : 8, "robots" : 0 }
