{ "_id" : { "$oid" : "56fd7de6f3a90f9b3f29e6af" }, "id" : "6033121430001lxw", "idfacebook" : "", "idgoogle" : "", "idlinkedin" : "", "idinstagram" : "", "idyandex" : "", "iddropbox" : "", "idvk" : "", "idyahoo" : "", "idlive" : "", "ip" : "127.0.0.1", "search" : "peter sirka petersirkagmailcom", "firstname" : "Peter", "lastname" : "Širka", "name" : "Peter Širka", "email" : "petersirka@gmail.com", "gender" : "male", "datecreated" : "2016-03-31T21:43:34.213Z", "isblocked" : false, "password" : "7c4a8d09ca3762af61e59520943dc26494f8941b", "isremoved" : false, "datelogged" : { "$date" : "2016-03-31T19:47:08.103+0000" }, "countlogin" : 4 }
