{ "_id" : { "$oid" : "56f7f0dc1dc6c6ab95b9b736" }, "id" : "6032716400001yxc", "name" : "Blog", "category" : "Content", "body" : "<br>\n<div class=\"row\">\n    <div class=\"col-md-2\"></div>\n    <div class=\"col-md-8\">\n        <div class=\"CMS_remove\">\n            <div><img src=\"/img/empty-blog.png\" class=\"CMS_edit img-responsive\" data-width=\"800\" data-height=\"400\" alt=\"\"></div>\n            <br>\n        </div>\n        <h1 class=\"CMS_edit CMS_singleline\">Our first blog</h1>\n        <hr />\n        <p class=\"CMS_edit CMS_singleline CMS_perex\">Lorem ipsum dolor sit amet, consectetur adipisicing elit. Quidem minus cumque placeat quisquam, eligendi adipisci vero temporibus alias consectetur aperiam rem obcaecati, blanditiis eaque dicta accusantium veniam architecto est tempore. Minus aspernatur quibusdam blanditiis neque ut totam iusto. Ullam ex dicta alias tempora ea earum harum error accusantium provident atque?</p>\n        <hr>\n        <div>\n            <div class=\"CMS_repeat\">\n                <div class=\"CMS_edit\">Lorem ipsum dolor sit amet, consectetur adipisicing elit. Ipsa quos corporis porro doloremque repudiandae adipisci architecto illum veritatis sint blanditiis eveniet, aliquam quo nesciunt molestiae vitae, cum excepturi voluptate. Aliquid, impedit. Ad hic perspiciatis iure eveniet adipisci autem ex esse quidem quis debitis unde natus sequi distinctio, officiis, harum! A!</div>\n                <br>\n            </div>\n        </div>\n        <div class=\"CMS_widgets\"></div>\n        <br>\n        <div>Author: <b class=\"CMS_edit CMS_singleline\">Peter Širka</b></div>\n    </div>\n</div>", "icon" : "", "istemplate" : true, "datecreated" : { "$date" : "2016-03-27T14:40:28.150+0000" }, "isremoved" : false, "dateupdated" : { "$date" : "2016-03-27T14:42:13.002+0000" } }
